Row,Date,CO
1,2008-04-13,4
2,2008-04-14,4
3,2008-05-20,1
4,2008-05-21,4
5,2008-05-24,2
6,2008-05-25,8
7,2008-05-26,4
8,2008-05-27,6
9,2008-05-28,6
10,2008-05-31,11
11,2008-06-01,12
12,2008-06-02,11
13,2008-06-08,3
14,2008-06-09,9
15,2008-06-10,16
16,2008-06-11,9
17,2008-06-14,16
18,2008-06-15,5
19,2008-06-16,14
20,2008-06-17,9
21,2008-06-18,9
22,2008-06-21,4
23,2008-06-23,2
24,2008-06-24,1
25,2008-06-25,7
26,2008-06-28,9
27,2008-06-29,4
28,2008-06-30,9
29,2008-07-01,7
30,2008-07-05,15
31,2008-07-06,4
32,2008-07-07,9
33,2008-07-08,3
34,2008-07-09,6
35,2008-07-12,4
36,2008-07-13,7
37,2008-07-14,9
38,2008-07-19,8
39,2008-07-20,1
40,2008-07-21,1
41,2008-07-22,1
42,2008-07-23,3
43,2008-07-26,6
44,2008-07-27,7
45,2008-07-28,15
46,2008-07-29,3
47,2008-08-02,1
48,2008-08-03,6
49,2008-08-04,7
50,2008-08-05,2
51,2008-08-06,2
52,2008-08-09,6
53,2008-08-10,7
54,2008-08-11,1
55,2008-08-12,3
56,2008-08-16,5
57,2008-08-19,5
58,2008-08-20,12
59,2008-08-23,7
60,2008-08-24,8
61,2008-08-25,6
62,2008-08-26,5
63,2008-08-27,3
64,2008-08-30,11
65,2008-08-31,10
66,2008-09-01,8
67,2008-09-02,4
68,2008-09-03,13
69,2008-09-06,7
70,2008-09-07,3
71,2008-09-08,11
72,2008-09-09,8
73,2008-09-10,14
74,2008-09-13,5
75,2008-09-14,11
76,2008-09-15,3
77,2008-09-16,5
78,2008-09-17,4
79,2008-09-20,7
80,2008-09-21,17
81,2008-09-23,14
82,2008-09-24,6
83,2008-09-27,3
84,2008-09-28,2
85,2008-09-30,7
86,2008-10-04,8
87,2008-10-05,5
88,2008-10-06,7
89,2008-10-07,20
90,2008-10-12,12
91,2008-10-13,19
92,2008-10-14,19
93,2008-10-15,4
94,2008-10-18,12
95,2008-10-19,18
96,2008-10-20,14
97,2008-10-21,6
98,2008-10-23,4
99,2008-10-26,2
100,2008-10-27,13
101,2008-10-28,6
102,2008-10-29,14
103,2008-10-30,2
104,2008-11-01,9
105,2008-11-02,5
106,2008-11-03,4
107,2008-11-04,14
108,2008-11-05,4
109,2008-11-08,6
110,2008-11-09,6
111,2008-11-10,5
112,2008-11-12,5
113,2008-11-13,1
114,2008-11-15,8
115,2008-11-16,12
116,2008-11-17,7
117,2008-11-18,12
118,2008-11-19,3
119,2008-11-22,6
120,2008-11-23,10
121,2008-11-24,10
122,2008-11-25,2
123,2008-11-26,2
124,2008-11-29,13
125,2008-11-30,20
126,2008-12-01,7
127,2008-12-02,10
128,2008-12-03,13
129,2008-12-06,11
130,2008-12-07,4
131,2008-12-08,11
132,2008-12-10,6
133,2008-12-11,2
134,2008-12-13,10
135,2008-12-14,9
136,2008-12-15,10
137,2008-12-16,4
138,2008-12-20,10
139,2008-12-21,3
140,2008-12-22,10
141,2008-12-23,2
142,2008-12-24,12
143,2008-12-27,8
144,2008-12-28,5
145,2008-12-29,11
146,2008-12-31,4
147,2009-01-03,6
148,2009-01-04,9
149,2009-01-05,6
150,2009-01-10,12
151,2009-01-11,2
152,2009-01-12,7
153,2009-01-14,5
154,2009-01-17,4
155,2009-01-18,26
156,2009-01-19,5
157,2009-01-20,5
158,2009-01-21,5
159,2009-01-24,6
160,2009-01-25,10
161,2009-01-26,3
162,2010-01-18,25
163,2010-01-19,26
164,2010-01-20,6
165,2010-01-21,22
166,2010-01-23,28
167,2010-01-24,10
168,2010-01-25,29
169,2010-01-26,21
170,2010-01-27,11
171,2010-01-30,19
172,2010-01-31,13
173,2010-02-01,10
174,2010-02-02,11
175,2010-02-03,17
176,2010-02-06,18
177,2010-02-07,17
178,2010-02-08,26
179,2010-02-09,15
180,2010-02-10,10
181,2010-02-14,13
182,2010-02-16,30
183,2010-02-17,13
184,2010-02-20,17
185,2010-02-21,10
186,2010-02-22,12
187,2010-02-23,3
188,2010-02-24,4
189,2010-02-27,9
190,2010-02-28,16
191,2010-03-01,20
192,2010-03-02,13
193,2010-03-03,7
194,2010-03-06,13
195,2010-03-07,8
196,2010-03-08,8
197,2010-03-09,12
198,2010-03-10,16
199,2010-03-13,24
200,2010-03-14,27
201,2010-03-15,5
202,2010-03-16,15
203,2010-03-17,7
204,2010-03-27,1
205,2010-03-28,3
206,2010-03-29,3
207,2010-03-30,8
208,2010-03-31,8
209,2010-04-03,14
210,2010-04-04,15
211,2010-04-05,11
212,2010-04-06,12
213,2010-04-07,18
214,2010-04-10,14
215,2010-04-11,23
216,2010-04-12,13
217,2010-04-13,3
218,2010-04-14,4
219,2010-04-17,10
220,2010-04-18,20
221,2010-04-19,8
222,2010-04-20,7
223,2010-04-21,24
224,2010-04-24,24
225,2010-04-25,5
226,2010-04-26,26
227,2010-04-27,21
228,2010-04-28,18
229,2010-05-01,25
230,2010-05-02,17
231,2010-05-03,17
232,2010-05-04,16
233,2010-05-05,3
234,2010-05-08,15
235,2010-05-09,7
236,2010-05-10,11
237,2010-05-11,12
238,2010-05-12,10
239,2010-05-15,15
240,2010-05-16,12
241,2010-05-17,1
242,2010-05-18,15
243,2010-05-19,18
244,2010-05-22,8
245,2010-05-23,8
246,2010-05-25,14
247,2010-05-26,10
248,2010-05-29,20
249,2010-05-30,18
250,2010-05-31,22
251,2010-06-01,18
252,2010-06-02,20
253,2010-06-03,5
254,2010-06-06,19
255,2010-06-07,22
256,2010-06-08,20
257,2010-06-09,22
258,2010-06-12,28
259,2010-06-13,21
260,2010-06-14,30
261,2010-06-15,23
262,2010-06-16,8
263,2010-06-17,2
264,2010-06-19,30
265,2010-06-20,26
266,2010-06-21,14
267,2010-06-22,20
268,2010-06-23,19
269,2010-06-27,38
270,2010-06-28,18
271,2010-06-29,26
272,2010-06-30,19
273,2010-07-01,1
274,2010-07-03,19
275,2010-07-04,13
276,2010-07-05,26
277,2010-07-06,16
278,2010-07-07,18
279,2010-07-10,2
280,2010-07-11,1
281,2010-07-13,16
282,2010-07-14,12
283,2010-07-17,19
284,2010-07-18,18
285,2010-07-19,53
286,2010-07-20,48
287,2010-07-21,26
288,2010-07-22,13
289,2010-07-24,41
290,2010-07-25,18
291,2010-07-26,37
292,2010-07-28,6
293,2010-07-29,1
294,2010-07-31,17
295,2010-08-01,18
296,2010-08-02,45
297,2010-08-03,10
298,2010-08-04,12
299,2010-08-05,4
300,2010-08-07,52
301,2010-08-08,21
302,2010-08-09,29
303,2010-08-10,20
304,2010-08-11,13
305,2010-08-14,33
306,2010-08-15,17
307,2010-08-16,9
308,2010-08-17,19
309,2010-08-18,20
310,2010-08-19,3
311,2010-08-21,20
312,2010-08-22,19
313,2010-08-23,23
314,2010-08-24,25
315,2010-08-25,18
316,2010-08-28,16
317,2010-08-29,16
318,2010-08-30,19
319,2010-08-31,21
320,2010-09-04,19
321,2010-09-05,30
322,2010-09-06,23
323,2010-09-07,22
324,2010-09-08,23
325,2010-09-13,22
326,2010-09-14,15
327,2010-09-15,11
328,2010-09-18,24
329,2010-09-19,18
330,2010-09-20,15
331,2010-09-21,17
332,2010-09-22,15
333,2010-09-25,24
334,2010-09-26,21
335,2010-09-27,25
336,2010-09-28,16
337,2010-09-29,8
338,2010-10-02,22
339,2010-10-03,37
340,2010-10-04,1
341,2010-10-05,20
342,2010-10-06,13
343,2010-10-09,22
344,2010-10-10,17
345,2010-10-11,13
346,2010-10-12,18
347,2010-10-13,18
348,2010-10-14,3
349,2010-10-16,16
350,2010-10-17,23
351,2010-10-18,19
352,2010-10-19,32
353,2010-10-20,17
354,2010-10-23,38
355,2010-10-24,22
356,2010-10-25,27
357,2010-10-26,14
358,2010-10-27,21
359,2010-10-28,3
360,2010-10-30,18
361,2010-10-31,24
362,2010-11-01,19
363,2010-11-02,18
364,2010-11-03,15
365,2010-11-06,24
366,2010-11-07,23
367,2010-11-08,18
368,2010-11-09,17
369,2010-11-10,26
370,2010-11-11,1
371,2010-11-13,18
372,2010-11-14,32
373,2010-11-15,22
374,2010-11-16,12
375,2010-11-20,22
376,2010-11-21,19
377,2010-11-22,12
378,2010-11-23,5
379,2010-11-24,13
380,2010-11-27,15
381,2010-11-28,15
382,2010-11-29,28
383,2010-11-30,23
384,2010-12-01,14
385,2010-12-02,9
386,2010-12-04,22
387,2010-12-05,18
388,2010-12-06,20
389,2010-12-07,13
390,2010-12-08,10
391,2010-12-09,2
392,2010-12-11,17
393,2010-12-12,20
394,2010-12-13,12
395,2010-12-14,1
396,2010-12-18,22
397,2010-12-19,15
398,2010-12-20,15
399,2010-12-21,15
400,2010-12-22,21
401,2010-12-25,14
402,2010-12-26,231
403,2010-12-27,21
404,2010-12-28,16
405,2010-12-29,14
406,2011-01-01,12
407,2011-01-02,20
408,2011-01-03,19
409,2011-01-04,19
410,2011-01-05,13
411,2011-01-08,1
412,2011-01-09,36
413,2011-01-10,7
414,2011-01-11,24
415,2011-01-12,1
416,2011-01-15,2
417,2011-01-16,5
418,2011-01-17,21
419,2011-01-18,12
420,2011-01-19,4
421,2011-01-20,6
422,2011-01-22,11
423,2011-01-23,8
424,2011-01-24,8
425,2011-01-26,6
426,2011-01-28,1
427,2011-01-29,22
428,2011-01-30,17
429,2011-01-31,17
430,2011-02-01,23
431,2011-02-05,23
432,2011-02-06,25
433,2011-02-07,24
434,2011-02-08,12
435,2011-02-09,17
436,2011-02-12,19
437,2011-02-13,36
438,2011-02-14,6
439,2011-02-15,8
440,2011-02-19,4
441,2011-02-20,12
442,2011-02-22,20
443,2011-02-23,7
444,2011-02-26,14
445,2011-02-27,4
446,2011-02-28,9
447,2011-03-01,1
448,2011-03-02,5
449,2011-03-05,18
450,2011-03-06,2
451,2011-03-07,13
452,2011-03-08,11
453,2011-03-09,7
454,2011-03-12,9
455,2011-03-13,11
456,2011-03-14,7
457,2011-03-15,6
458,2011-03-16,2
459,2011-03-19,1
460,2011-03-27,1
461,2011-03-30,4
462,2011-04-03,10
463,2011-04-04,3
464,2011-04-05,6
465,2011-04-06,22
466,2011-04-07,4
467,2011-04-09,7
468,2011-04-10,10
469,2011-04-11,6
470,2011-04-12,23
471,2011-04-13,2
472,2011-04-16,14
473,2011-04-17,13
474,2011-04-18,9
475,2011-04-19,8
476,2011-04-20,12
477,2011-04-23,15
478,2011-04-24,7
479,2011-04-25,10
480,2011-04-26,20
481,2011-04-27,9
482,2011-04-30,2
483,2011-05-01,10
484,2011-05-02,12
485,2011-05-03,8
486,2011-05-04,13
487,2011-05-08,4
488,2011-05-09,9
489,2011-05-10,9
490,2011-05-11,15
491,2011-05-13,1
492,2011-05-14,11
493,2011-05-15,4
494,2011-05-16,12
495,2011-05-17,2
496,2011-05-18,7
497,2011-05-21,10
498,2011-05-22,10
499,2011-05-23,15
500,2011-05-24,11
501,2011-05-25,12
502,2011-05-28,14
503,2011-05-29,10
504,2011-05-30,11
505,2011-05-31,10
506,2011-06-01,13
507,2011-06-06,3
508,2011-06-07,7
509,2011-06-08,17
510,2011-06-11,17
511,2011-06-12,18
512,2011-06-13,17
513,2011-06-14,10
514,2011-06-15,2
515,2011-06-18,15
516,2011-06-19,12
517,2011-06-20,14
518,2011-06-21,3
519,2011-06-22,9
520,2011-06-23,1
521,2011-06-25,13
522,2011-06-26,7
523,2011-06-27,7
524,2011-06-28,7
525,2011-06-29,5
526,2011-07-02,7
527,2011-07-03,4
528,2011-07-04,5
529,2011-07-05,8
530,2011-07-06,5
531,2011-07-09,1
532,2011-07-10,7
533,2011-07-11,3
534,2011-07-12,6
535,2011-07-13,6
536,2011-07-14,2
537,2011-07-16,1
538,2011-07-18,5
539,2011-07-19,11
540,2011-07-20,6
541,2011-07-23,4
542,2011-07-24,8
543,2011-07-25,16
544,2011-07-26,8
545,2011-07-27,3
546,2011-07-30,13
547,2011-07-31,4
548,2011-08-01,17
549,2011-08-02,2
550,2011-08-03,7
551,2011-08-06,1
552,2011-08-07,6
553,2011-08-08,11
554,2011-08-10,7
555,2011-08-13,8
556,2011-08-14,5
557,2011-08-15,8
558,2011-08-16,7
559,2011-08-17,7
560,2011-08-20,3
561,2011-08-21,1
562,2011-08-23,2
563,2011-08-24,10
564,2011-08-27,8
565,2011-08-28,3
566,2011-08-29,5
567,2011-09-03,4
568,2011-09-04,10
569,2011-09-05,4
570,2011-09-06,4
571,2011-09-07,3
572,2011-09-10,9
573,2011-09-11,11
574,2011-09-12,1
575,2011-09-13,9
576,2011-09-14,15
577,2011-09-17,7
578,2011-09-18,6
579,2011-09-19,8
580,2011-09-20,10
581,2011-09-21,3
582,2011-09-25,5
583,2011-09-26,1
584,2011-09-27,13
585,2011-09-28,11
586,2011-10-01,12
587,2011-10-02,3
588,2011-10-03,13
589,2011-10-04,8
590,2011-10-05,1
591,2011-10-09,18
592,2011-10-10,6
593,2011-10-11,4
594,2011-10-12,3
595,2011-10-15,1
596,2011-10-16,15
597,2011-10-17,1
598,2011-10-18,1
599,2011-10-19,18
600,2011-10-22,2
601,2011-10-23,9
602,2011-10-25,27
603,2011-10-26,5
604,2011-10-29,3
605,2011-10-30,22
606,2011-11-02,16
607,2011-11-05,11
608,2011-11-08,15
609,2011-11-09,12
610,2011-11-12,3
611,2011-11-13,3
612,2011-11-14,20
613,2011-11-19,2
614,2011-11-20,17
615,2011-11-21,4
616,2011-11-22,2
617,2011-11-26,1
618,2011-11-27,4
619,2011-11-29,15
620,2011-11-30,1
621,2011-12-03,13
622,2011-12-04,1
623,2011-12-10,21
624,2011-12-11,1
625,2011-12-12,1
626,2011-12-13,16
627,2011-12-14,8
628,2011-12-17,3
629,2011-12-18,1
630,2011-12-19,1
631,2011-12-20,25
632,2011-12-21,1
633,2011-12-24,1
634,2011-12-25,1
635,2011-12-26,3
636,2011-12-28,33
637,2012-01-01,6
638,2012-01-02,4
639,2012-01-03,23
640,2012-01-04,7
641,2012-01-07,1
642,2012-01-08,1
643,2012-01-09,28
644,2012-01-10,3
645,2012-01-11,1
646,2012-01-15,3
647,2012-01-16,3
648,2012-01-18,4
649,2012-01-21,59
650,2012-01-23,4
651,2012-01-25,1
652,2012-01-28,15
653,2012-01-29,5
654,2012-01-30,12
655,2012-01-31,3
656,2012-02-01,7
657,2012-02-04,24
658,2012-02-05,8
659,2012-02-06,6
660,2012-02-07,11
661,2012-02-08,3
662,2012-02-12,1
663,2012-02-13,8
664,2012-02-14,2
665,2012-02-15,20
666,2012-02-18,7
667,2012-02-19,2
668,2012-02-20,6
669,2012-02-21,5
670,2012-02-22,4
671,2012-02-25,5
672,2012-02-26,2
673,2012-02-27,1
674,2012-02-28,4
675,2012-02-29,11
676,2012-03-03,2
677,2012-03-04,1
678,2012-03-05,7
679,2012-03-06,25
680,2012-03-07,6
681,2012-03-11,6
682,2012-03-13,6
683,2012-03-14,9
684,2012-03-24,2
685,2012-03-25,2
686,2012-03-26,3
687,2012-03-28,4
688,2012-04-02,5
689,2012-04-03,7
690,2012-04-04,5
691,2012-04-07,1
692,2012-04-08,4
693,2012-04-09,1
694,2012-04-10,18
695,2012-04-11,11
696,2012-04-14,5
697,2012-04-15,6
698,2012-04-16,6
699,2012-04-17,2
700,2012-04-18,3
701,2012-04-21,11
702,2012-04-22,12
703,2012-04-23,6
704,2012-04-24,3
705,2012-04-28,1
706,2012-04-29,14
707,2012-05-01,3
708,2012-05-02,2
709,2012-05-05,3
710,2012-05-06,4
711,2012-05-07,5
712,2012-05-08,1
713,2012-05-09,5
714,2012-05-12,6
715,2012-05-13,31
716,2012-05-15,4
717,2012-05-16,3
718,2012-05-19,1
719,2012-05-21,3
720,2012-05-26,3
721,2012-05-27,3
722,2012-05-28,3
723,2012-05-29,2
724,2012-05-30,2
725,2012-06-02,2
726,2012-06-06,50
727,2012-06-10,4
728,2012-06-11,3
729,2012-06-12,5
730,2012-06-13,2
731,2012-06-16,6
732,2012-06-17,1
733,2012-06-18,41
734,2012-06-19,1
735,2012-06-20,5
736,2012-06-23,1
737,2012-06-24,28
738,2012-06-25,9
739,2012-06-26,13
740,2012-06-30,4
741,2012-07-01,3
742,2012-07-02,1
743,2012-07-03,5
744,2012-07-07,2
745,2012-07-08,1
746,2012-07-09,9
747,2012-07-10,5
748,2012-07-11,1
749,2012-07-14,4
750,2012-07-16,2
751,2012-07-17,2
752,2012-07-21,4
753,2012-07-22,22
754,2012-07-23,1
755,2012-07-24,1
756,2012-07-25,4
757,2012-07-29,13
758,2012-07-30,2
759,2012-07-31,4
760,2012-08-01,10
761,2012-08-04,4
762,2012-08-05,4
763,2012-08-06,3
764,2012-08-07,9
765,2012-08-08,1
766,2012-08-11,4
767,2012-08-12,19
768,2012-08-13,1
769,2012-08-15,3
770,2012-08-18,17
771,2012-08-25,27
772,2012-08-26,1
773,2012-08-27,2
774,2012-08-28,2
775,2012-08-29,3
776,2012-09-01,2
777,2012-09-02,4
778,2012-09-03,3
779,2012-09-08,2
780,2012-09-09,3
781,2012-09-10,1
782,2012-09-11,1
783,2012-09-16,1
784,2012-09-22,78
785,2012-09-23,1
786,2012-09-25,6
787,2012-09-26,1
788,2012-09-29,3
789,2012-10-01,1
790,2012-10-02,2
791,2012-10-03,5
792,2012-10-06,31
793,2012-10-07,13
794,2012-10-08,1
795,2012-10-13,3
796,2012-10-14,1
797,2012-10-15,1
798,2012-10-16,5
799,2012-10-21,6
800,2012-10-22,33
801,2012-10-23,3
802,2012-10-27,1
803,2012-10-28,1
804,2012-10-30,28
805,2012-10-31,2
806,2012-11-04,4
807,2012-11-05,1
808,2012-11-06,4
809,2012-11-11,5
810,2012-11-12,1
811,2012-11-13,2
812,2012-11-14,2
813,2012-11-17,72
814,2012-11-18,1
815,2012-11-19,10
816,2012-11-20,23
817,2012-11-26,6
818,2012-11-28,7
819,2012-12-01,1
820,2012-12-02,2
821,2012-12-04,3
822,2012-12-05,27
823,2012-12-09,9
824,2012-12-11,3
825,2012-12-12,1
826,2012-12-15,1
827,2012-12-17,1
828,2012-12-18,5
829,2012-12-19,2
830,2012-12-22,54
831,2012-12-23,2
832,2012-12-24,5
833,2012-12-26,2
834,2012-12-29,2
835,2012-12-31,4
836,2013-01-01,4
837,2013-01-02,1
838,2013-01-05,4
839,2013-01-06,6
840,2013-01-07,67
841,2013-01-09,2
842,2013-01-13,2
843,2013-01-14,1
844,2013-01-15,3
845,2013-01-16,35
846,2013-01-21,2
847,2013-01-23,1
848,2013-01-26,3
849,2013-01-27,9
850,2013-01-30,2
851,2013-02-03,1
852,2013-02-04,3
853,2013-02-05,1
854,2013-02-06,3
855,2013-02-09,1
856,2013-02-12,4
857,2013-02-13,4
858,2013-02-16,2
859,2013-02-17,5
860,2013-02-18,71
861,2013-02-19,1
862,2013-02-20,2
863,2013-02-23,3
864,2013-02-24,6
865,2013-02-25,5
866,2013-02-26,4
867,2013-02-27,2
868,2013-03-02,6
869,2013-03-04,3
870,2013-03-05,1
871,2013-03-06,2
872,2013-03-09,2
873,2013-03-10,8
874,2013-03-11,1
875,2013-03-12,10
876,2013-03-13,2
877,2013-03-17,6
878,2013-03-18,2
879,2013-03-27,1
880,2013-04-07,2
881,2013-04-08,3
882,2013-04-09,17
883,2013-04-10,2
884,2013-04-16,1
885,2013-04-20,1
886,2013-04-21,3
887,2013-04-22,1
888,2013-04-23,12
889,2013-04-27,2
890,2013-04-28,2
891,2013-04-30,1
892,2013-05-04,3
893,2013-05-05,4
894,2013-05-06,2
895,2013-05-11,1
896,2013-05-12,1
897,2013-05-13,3
898,2013-05-14,4
899,2013-05-15,1
900,2013-05-18,12
901,2013-05-19,1
902,2013-05-20,4
903,2013-05-21,6
904,2013-05-25,15
905,2013-05-26,2
906,2013-05-27,3
907,2013-05-28,2
908,2013-05-29,4
909,2013-06-01,83
910,2013-06-02,8
911,2013-06-03,6
912,2013-06-08,9
913,2013-06-09,9
914,2013-06-10,3
915,2013-06-11,7
916,2013-06-12,2
917,2013-06-15,13
918,2013-06-16,6
919,2013-06-17,6
920,2013-06-18,7
921,2013-06-19,6
922,2013-06-22,30
923,2013-06-23,2
924,2013-06-25,2
925,2013-06-26,3
926,2013-06-29,3
927,2013-06-30,2
928,2013-07-01,1
929,2013-07-02,3
930,2013-07-03,1
931,2013-07-06,2
932,2013-07-07,5
933,2013-07-08,4
934,2013-07-09,12
935,2013-07-10,1
936,2013-07-13,2
937,2013-07-14,4
938,2013-07-15,11
939,2013-07-17,4
940,2013-07-20,1
941,2013-07-21,8
942,2013-07-23,4
943,2013-07-24,4
944,2013-07-27,4
945,2013-07-28,4
946,2013-07-29,1
947,2013-08-03,9
948,2013-08-04,7
949,2013-08-05,2
950,2013-08-06,1
951,2013-08-07,7
952,2013-08-11,1
953,2013-08-12,7
954,2013-08-13,8
955,2013-08-14,5
956,2013-08-17,1
957,2013-08-18,13
958,2013-08-19,10
959,2013-08-20,1
960,2013-08-21,10
961,2013-08-24,1
962,2013-08-25,8
963,2013-08-26,6
964,2013-08-31,1
965,2013-09-01,16
966,2013-09-03,32
967,2013-09-07,3
968,2013-09-08,2
969,2013-09-09,1
970,2013-09-10,14
971,2013-09-14,2
972,2013-09-15,6
973,2013-09-16,3
974,2013-09-17,1
975,2013-09-18,7
976,2013-09-21,2
977,2013-09-23,1
978,2013-09-24,2
979,2013-09-25,2
980,2013-09-28,2
981,2013-09-29,31
982,2013-09-30,10
983,2013-10-01,13
984,2013-10-02,3
985,2013-10-05,2
986,2013-10-06,2
987,2013-10-07,1
988,2013-10-08,7
989,2013-10-09,4
990,2013-10-12,10
991,2013-10-13,3
992,2013-10-14,3
993,2013-10-19,4
994,2013-10-20,3
995,2013-10-21,2
996,2013-10-22,2
997,2013-10-26,1
998,2013-10-27,13
999,2013-10-28,4
1000,2013-10-29,2
1001,2013-10-30,2
1002,2013-11-02,2
1003,2013-11-03,2
1004,2013-11-04,7
1005,2013-11-05,9
1006,2013-11-06,4
1007,2013-11-09,10
1008,2013-11-10,6
1009,2013-11-11,2
1010,2013-11-12,4
1011,2013-11-16,2
1012,2013-11-17,6
1013,2013-11-18,2
1014,2013-11-19,8
1015,2013-11-20,1
1016,2013-11-23,9
1017,2013-11-24,2
1018,2013-11-25,2
1019,2013-11-26,13
1020,2013-11-27,4
1021,2013-11-30,7
1022,2013-12-01,8
1023,2013-12-02,6
1024,2013-12-03,3
1025,2013-12-04,4
1026,2013-12-07,6
1027,2013-12-08,1
1028,2013-12-09,5
1029,2013-12-10,13
1030,2013-12-11,1
1031,2013-12-14,7
1032,2013-12-15,4
1033,2013-12-16,4
1034,2013-12-17,6
1035,2013-12-18,2
1036,2013-12-21,2
1037,2013-12-22,19
1038,2013-12-24,7
1039,2013-12-25,3
1040,2013-12-28,27
1041,2013-12-29,11
1042,2013-12-30,5
1043,2014-01-04,7
1044,2014-01-05,6
1045,2014-01-06,1
1046,2014-01-07,4
1047,2014-01-08,12
1048,2014-01-11,18
1049,2014-01-12,8
1050,2014-01-13,14
1051,2014-01-15,2
1052,2014-01-18,1
1053,2014-01-20,7
1054,2014-01-21,1
1055,2014-01-22,5
1056,2014-01-25,3
1057,2014-01-27,29
1058,2014-01-28,5
1059,2014-01-29,2
1060,2014-02-01,4
1061,2014-02-02,5
1062,2014-02-03,2
1063,2014-02-04,2
1064,2014-02-05,2
1065,2014-02-08,18
1066,2014-02-09,4
1067,2014-02-10,12
1068,2014-02-12,2
1069,2014-02-15,9
1070,2014-02-16,9
1071,2014-02-17,4
1072,2014-02-18,3
1073,2014-02-19,3
1074,2014-02-22,8
1075,2014-02-23,1
1076,2014-02-24,3
1077,2014-02-25,2
1078,2014-02-26,2
1079,2014-03-01,1
1080,2014-03-03,1
1081,2014-03-04,3
1082,2014-03-05,3
1083,2014-03-08,2
1084,2014-03-09,3
1085,2014-03-10,2
1086,2014-03-11,1
1087,2014-03-12,3
1088,2014-03-15,5
1089,2014-03-16,1
1090,2014-03-17,41
1091,2014-03-18,12
1092,2014-03-19,1
1093,2014-03-25,5
1094,2014-03-26,2
1095,2014-03-29,1
1096,2014-03-30,1
1097,2014-04-05,3
1098,2014-04-06,1
1099,2014-04-07,1
1100,2014-04-08,5
1101,2014-04-09,3
1102,2014-04-12,3
1103,2014-04-13,3
1104,2014-04-14,1
1105,2014-04-15,5
1106,2014-04-16,16
1107,2014-04-19,4
1108,2014-04-20,5
1109,2014-04-21,4
1110,2014-04-22,6
1111,2014-04-23,2
1112,2014-04-26,5
1113,2014-04-27,5
1114,2014-04-28,7
1115,2014-04-29,6
1116,2014-04-30,8
1117,2014-05-03,6
1118,2014-05-04,4
1119,2014-05-05,1
1120,2014-05-06,5
1121,2014-05-07,3
1122,2014-05-10,9
1123,2014-05-11,1
1124,2014-05-12,2
1125,2014-05-14,1
1126,2014-05-17,5
1127,2014-05-18,3
1128,2014-05-19,3
1129,2014-05-20,6
1130,2014-05-21,1
1131,2014-05-24,5
1132,2014-05-25,5
1133,2014-05-26,5
1134,2014-05-28,2
1135,2014-05-31,3
1136,2014-06-01,8
1137,2014-06-02,1
1138,2014-06-03,3
1139,2014-06-09,8
1140,2014-06-10,6
1141,2014-06-11,7
1142,2014-06-14,3
1143,2014-06-15,2
1144,2014-06-16,4
1145,2014-06-17,6
1146,2014-06-21,5
1147,2014-06-22,3
1148,2014-06-23,5
1149,2014-06-24,1
1150,2014-06-28,3
1151,2014-06-30,3
1152,2014-07-01,28
1153,2014-07-02,3
1154,2014-07-05,3
1155,2014-07-06,8
1156,2014-07-07,31
1157,2014-07-09,2
1158,2014-07-12,11
1159,2014-07-13,28
1160,2014-07-15,8
1161,2014-07-20,3
1162,2014-07-21,3
1163,2014-07-22,39
1164,2014-07-23,4
1165,2014-07-26,1
1166,2014-07-28,8
1167,2014-08-02,3
1168,2014-08-03,3
1169,2014-08-04,3
1170,2014-08-05,1
1171,2014-08-06,2
1172,2014-08-09,2
1173,2014-08-10,2
1174,2014-08-12,2
1175,2014-08-13,4
1176,2014-08-16,23
1177,2014-08-17,4
1178,2014-08-18,12
1179,2014-08-19,10
1180,2014-08-20,3
1181,2014-08-23,2
1182,2014-08-24,5
1183,2014-08-25,5
1184,2014-08-26,5
1185,2014-08-30,6
1186,2014-08-31,3
1187,2014-09-01,3
1188,2014-09-02,1
1189,2014-09-03,4
1190,2014-09-06,2
1191,2014-09-07,2
1192,2014-09-08,3
1193,2014-09-09,3
1194,2014-09-10,1
1195,2014-09-13,2
1196,2014-09-14,2
1197,2014-09-15,1
1198,2014-09-17,1
1199,2014-09-20,1
1200,2014-09-21,1
1201,2014-09-22,8
1202,2014-09-23,3
1203,2014-09-24,2
1204,2014-09-27,3
1205,2014-10-01,2
1206,2014-10-04,4
1207,2014-10-06,1
1208,2014-10-07,1
1209,2014-10-11,5
1210,2014-10-12,1
1211,2014-10-14,1
1212,2014-10-15,3
1213,2014-10-18,7
1214,2014-10-19,3
1215,2014-10-20,1
1216,2014-10-21,3
1217,2014-10-22,4
1218,2014-10-26,2
1219,2014-10-27,7
1220,2014-10-28,1
1221,2014-10-29,8
1222,2014-11-01,6
1223,2014-11-02,1
1224,2014-11-05,1
1225,2014-11-08,2
1226,2014-11-09,3
1227,2014-11-10,3
1228,2014-11-11,2
1229,2014-11-12,4
1230,2014-11-15,3
1231,2014-11-16,5
1232,2014-11-17,9
1233,2014-11-18,5
1234,2014-11-19,2
1235,2014-11-22,4
1236,2014-11-23,5
1237,2014-11-24,3
1238,2014-11-25,6
1239,2014-11-26,2
1240,2014-11-29,5
1241,2014-11-30,5
1242,2014-12-01,5
1243,2014-12-02,4
1244,2014-12-06,5
1245,2014-12-07,1
1246,2014-12-08,2
1247,2014-12-09,4
1248,2014-12-10,1
1249,2014-12-14,1
1250,2014-12-15,6
1251,2014-12-16,3
1252,2014-12-17,3
1253,2014-12-20,2
1254,2014-12-22,3
1255,2014-12-24,3
1256,2014-12-31,1
1257,2015-01-03,10
1258,2015-01-04,4
1259,2015-01-05,1
1260,2015-01-07,1
1261,2015-01-10,1
1262,2015-01-11,2
1263,2015-01-12,7
1264,2015-01-13,8
1265,2015-01-17,7
1266,2015-01-18,1
1267,2015-01-20,1
1268,2015-01-21,3
1269,2015-01-25,4
1270,2015-01-26,1
1271,2015-01-27,1
1272,2015-01-31,3
1273,2015-02-01,12
1274,2015-02-02,1
1275,2015-02-03,2
1276,2015-02-04,2
1277,2015-02-07,6
1278,2015-02-08,2
1279,2015-02-09,12
1280,2015-02-10,4
1281,2015-02-14,9
1282,2015-02-15,7
1283,2015-02-16,3
1284,2015-02-17,2
1285,2015-02-18,1
1286,2015-02-21,25
1287,2015-02-22,1
1288,2015-02-23,25
1289,2015-02-24,22
1290,2015-02-25,9
1291,2015-02-28,9
1292,2015-03-01,4
1293,2015-03-02,5
1294,2015-03-03,8
1295,2015-03-04,9
1296,2015-03-07,7
1297,2015-03-08,13
1298,2015-03-09,12
1299,2015-03-10,12
1300,2015-03-11,8
1301,2015-03-14,10
1302,2015-03-16,4
1303,2015-03-17,7
1304,2015-03-29,1
1305,2015-03-30,5
1306,2015-04-04,2
1307,2015-04-05,5
1308,2015-04-06,9
1309,2015-04-07,7
1310,2015-04-08,5
1311,2015-04-11,5
1312,2015-04-12,5
1313,2015-04-13,5
1314,2015-04-14,3
1315,2015-04-18,56
1316,2015-04-19,6
1317,2015-04-20,11
1318,2015-04-21,11
1319,2015-04-22,2
1320,2015-04-25,10
1321,2015-04-26,10
1322,2015-04-27,4
1323,2015-04-28,1
1324,2015-04-29,6
1325,2015-05-03,3
1326,2015-05-04,5
1327,2015-05-05,7
1328,2015-05-06,2
1329,2015-05-09,11
1330,2015-05-10,5
1331,2015-05-11,1
1332,2015-05-13,4
1333,2015-05-17,1
1334,2015-05-18,9
1335,2015-05-20,8
1336,2015-05-23,9
1337,2015-05-24,5
1338,2015-05-26,3
1339,2015-05-27,8
1340,2015-05-30,5
1341,2015-05-31,1
1342,2015-06-01,6
1343,2015-06-02,1
1344,2015-06-06,4
1345,2015-06-07,9
1346,2015-06-08,4
1347,2015-06-09,3
1348,2015-06-10,7
1349,2015-06-13,2
1350,2015-06-14,3
1351,2015-06-15,2
1352,2015-06-16,3
1353,2015-06-21,6
1354,2015-06-23,2
1355,2015-06-27,3
1356,2015-06-28,10
1357,2015-06-29,6
1358,2015-06-30,7
1359,2015-07-01,2
1360,2015-07-04,2
1361,2015-07-11,4
1362,2015-07-12,6
1363,2015-07-13,7
1364,2015-07-14,1
1365,2015-07-15,1
1366,2015-07-22,1
1367,2015-07-26,3
1368,2015-07-27,14
1369,2015-07-28,15
1370,2015-08-01,7
1371,2015-08-04,1
1372,2015-08-09,5
1373,2015-08-10,11
1374,2015-08-12,2
1375,2015-08-15,2
1376,2015-08-16,8
1377,2015-08-17,1
1378,2015-08-18,6
1379,2015-08-19,4
1380,2015-08-22,2
1381,2015-08-23,6
1382,2015-08-24,8
1383,2015-08-30,5
1384,2015-09-05,1
1385,2015-09-07,3
1386,2015-09-08,2
1387,2015-09-12,5
1388,2015-09-13,1
1389,2015-09-20,1
1390,2015-09-21,8
1391,2015-09-26,2
1392,2015-09-27,1
1393,2015-09-29,3
1394,2015-09-30,5
1395,2015-10-03,4
1396,2015-10-04,3
1397,2015-10-05,1
1398,2015-10-06,6
1399,2015-10-07,4
1400,2015-10-10,2
1401,2015-10-11,1
1402,2015-10-12,4
1403,2015-10-13,2
1404,2015-10-14,1
1405,2015-10-18,2
1406,2015-10-19,7
1407,2015-10-20,1
1408,2015-10-21,1
1409,2015-10-25,4
1410,2015-10-26,10
1411,2015-10-27,3
1412,2015-10-28,1
1413,2015-10-31,1
1414,2015-11-01,4
1415,2015-11-02,3
1416,2015-11-04,3
1417,2015-11-07,3
1418,2015-11-09,7
1419,2015-11-10,1
1420,2015-11-14,2
1421,2015-11-15,8
1422,2015-11-16,4
1423,2015-11-18,1
1424,2015-11-21,2
1425,2015-11-23,3
1426,2015-11-24,4
1427,2015-11-30,15
1428,2015-12-05,1
1429,2015-12-06,2
1430,2015-12-13,1
1431,2015-12-14,16
1432,2015-12-15,2
1433,2015-12-19,10
1434,2015-12-20,1
1435,2015-12-21,1
1436,2015-12-22,1
1437,2015-12-23,1
1438,2015-12-28,3
1439,2016-01-03,6
1440,2016-01-04,4
1441,2016-01-06,3
1442,2016-01-09,4
1443,2016-01-10,1
1444,2016-01-13,7
1445,2016-01-16,3
1446,2016-01-18,8
1447,2016-01-19,3
1448,2016-01-24,18
1449,2016-01-26,2
1450,2016-01-30,3
1451,2016-01-31,1
1452,2016-02-03,1
1453,2016-02-06,2
1454,2016-02-07,3
1455,2016-02-09,9
1456,2016-02-15,1
1457,2016-02-23,11
1458,2016-02-24,4
1459,2016-02-28,9
1460,2016-03-05,5
1461,2016-03-07,1
1462,2016-03-28,1
1463,2016-04-02,4
1464,2016-04-03,7
1465,2016-04-04,3
1466,2016-04-09,9
1467,2016-04-11,10
1468,2016-04-16,6
1469,2016-04-17,1
1470,2016-04-19,1
1471,2016-04-20,4
1472,2016-04-23,7
1473,2016-04-24,4
1474,2016-04-25,2
1475,2016-04-27,1
1476,2016-04-30,1
1477,2016-05-01,8
1478,2016-05-02,5
1479,2016-05-03,3
1480,2016-05-04,5
1481,2016-05-08,6
1482,2016-05-10,6
1483,2016-05-14,6
1484,2016-05-16,3
1485,2016-05-17,1
1486,2016-05-18,10
1487,2016-05-23,5
1488,2016-05-24,2
1489,2016-06-05,2
1490,2016-06-07,1
1491,2016-06-12,1
1492,2016-06-18,12
1493,2016-06-19,1
1494,2016-06-20,1
1495,2016-06-25,1
1496,2016-06-28,1
1497,2016-06-29,1
1498,2016-07-03,1
1499,2016-07-04,2
1500,2016-07-17,2
1501,2016-07-20,1
1502,2016-07-23,19
1503,2016-07-24,1
1504,2016-07-25,18
1505,2016-07-26,13
1506,2016-08-08,1
1507,2016-08-16,3
1508,2016-08-21,3
1509,2016-08-22,3
1510,2016-08-23,2
1511,2016-08-24,4
1512,2016-08-27,3
1513,2016-08-28,1
1514,2016-08-29,1
1515,2016-08-30,6
1516,2016-08-31,25
1517,2016-09-05,2
1518,2016-09-13,6
1519,2016-09-14,3
1520,2016-09-17,1
1521,2016-09-18,2
1522,2016-09-19,1
1523,2016-09-24,1
1524,2016-09-25,3
1525,2016-09-27,12
1526,2016-09-28,1
1527,2016-10-01,9
1528,2016-10-02,3
1529,2016-10-03,12
1530,2016-10-04,4
1531,2016-10-05,1
1532,2016-10-08,7
1533,2016-10-09,37
1534,2016-10-10,24
1535,2016-10-19,18
1536,2016-10-22,18
1537,2016-10-23,7
1538,2016-10-24,11
1539,2016-10-25,4
1540,2016-10-29,5
1541,2016-10-30,2
1542,2016-10-31,1
1543,2016-11-01,1
1544,2016-11-05,12
1545,2016-11-07,4
1546,2016-11-08,2
1547,2016-11-12,1
1548,2016-11-13,2
1549,2016-11-14,1
1550,2016-11-16,1
1551,2016-11-19,1
1552,2016-11-21,2
1553,2016-11-22,2
1554,2016-11-26,1
1555,2016-11-27,1
1556,2016-11-29,5
1557,2016-12-03,2
1558,2016-12-04,4
1559,2016-12-06,1
1560,2016-12-10,12
1561,2016-12-11,2
1562,2016-12-12,2
1563,2016-12-13,2
1564,2016-12-20,1
1565,2016-12-24,6
1566,2016-12-25,10
1567,2016-12-27,3
1568,2016-12-31,6
1569,2017-01-01,4
1570,2017-01-02,8
1571,2017-01-03,3
1572,2017-01-04,6
1573,2017-01-07,2
1574,2017-01-08,1
1575,2017-01-09,1
1576,2017-01-11,2
1577,2017-01-14,2
1578,2017-01-17,2
1579,2017-01-18,1
1580,2017-01-21,1
1581,2017-01-22,1
1582,2017-01-23,1
1583,2017-01-24,4
1584,2017-01-25,1
1585,2017-01-29,2
1586,2017-01-30,6
1587,2017-01-31,5
1588,2017-02-01,1
1589,2017-02-05,1
1590,2017-02-06,2
1591,2017-02-07,2
1592,2017-02-08,5
1593,2017-02-12,6
1594,2017-02-14,1
1595,2017-02-15,2
1596,2017-02-21,1
1597,2017-02-22,1
1598,2017-02-26,1
1599,2017-02-27,1
1600,2017-04-05,2
1601,2017-04-08,12
1602,2017-04-10,2
1603,2017-04-15,1
1604,2017-04-17,4
1605,2017-04-22,5
1606,2017-04-23,12
1607,2017-04-24,8
1608,2017-04-26,13
1609,2017-04-29,8
1610,2017-04-30,20
1611,2017-05-01,5
1612,2017-05-02,8
1613,2017-05-03,14
1614,2017-05-06,9
1615,2017-05-07,12
1616,2017-05-08,16
1617,2017-05-09,20
1618,2017-05-10,31
1619,2017-05-13,3
1620,2017-05-14,17
1621,2017-05-15,42
1622,2017-05-16,14
1623,2017-05-17,37
1624,2017-05-20,2
1625,2017-05-21,8
1626,2017-05-22,7
1627,2017-05-23,1
1628,2017-05-24,12
1629,2017-05-25,3
1630,2017-05-27,8
1631,2017-05-28,6
1632,2017-05-29,13
1633,2017-05-30,19
1634,2017-05-31,7
1635,2017-06-07,7
1636,2017-06-10,4
1637,2017-06-11,7
1638,2017-06-12,11
1639,2017-06-13,6
1640,2017-06-14,4
1641,2017-06-17,16
1642,2017-06-18,5
1643,2017-06-19,6
1644,2017-06-20,3
1645,2017-06-21,1
1646,2017-06-24,17
1647,2017-06-25,1
1648,2017-07-01,9
1649,2017-07-02,1
1650,2017-07-08,14
1651,2017-07-09,8
1652,2017-07-10,5
1653,2017-07-11,1
1654,2017-07-12,11
1655,2017-07-15,2
1656,2017-07-16,21
1657,2017-07-17,12
1658,2017-07-18,6
1659,2017-07-19,14
1660,2017-07-22,7
1661,2017-07-23,9
1662,2017-07-24,16
1663,2017-07-26,9
1664,2017-07-29,16
1665,2017-07-30,10
1666,2017-07-31,7
1667,2017-08-02,12
1668,2017-08-05,5
1669,2017-08-06,9
1670,2017-08-07,6
1671,2017-08-09,14
1672,2017-08-13,11
1673,2017-08-14,3
1674,2017-08-15,17
1675,2017-08-16,7
1676,2017-08-19,9
1677,2017-08-26,4
1678,2017-08-28,5
1679,2017-08-30,12
1680,2017-09-02,3
1681,2017-09-03,4
1682,2017-09-04,2
1683,2017-09-05,2
1684,2017-09-11,18
1685,2017-09-12,32
1686,2017-09-13,9
1687,2017-09-18,5
1688,2017-09-19,1
1689,2017-09-23,1
1690,2017-09-25,2
1691,2017-10-04,4
1692,2017-10-08,3
1693,2017-10-09,5
1694,2017-10-11,1
1695,2017-10-14,3
1696,2017-10-16,1
1697,2017-10-23,12
1698,2017-10-24,4
1699,2017-10-25,1
1700,2017-10-28,1
1701,2017-10-29,7
1702,2017-11-12,1
1703,2017-11-25,5
1704,2017-11-28,4
1705,2017-11-29,1
1706,2017-12-02,1
1707,2017-12-17,6
1708,2017-12-20,3
1709,2017-12-23,1
1710,2017-12-24,7
1711,2017-12-25,2
1712,2017-12-27,2
1713,2018-01-17,1
1714,2018-01-23,6
1715,2018-01-24,3
1716,2018-01-27,3
1717,2018-01-28,4
1718,2018-01-30,1
1719,2018-02-03,1
1720,2018-02-04,2
1721,2018-02-06,4
1722,2018-02-07,1
1723,2018-02-13,10
1724,2018-02-14,6
1725,2018-02-17,9
1726,2018-02-18,4
1727,2018-02-25,3
1728,2018-02-26,3
1729,2018-02-28,3
1730,2018-03-04,3
1731,2018-03-07,12
1732,2018-03-13,4
1733,2018-03-26,4
1734,2018-03-28,2
1735,2018-04-07,7
1736,2018-04-08,10
1737,2018-04-09,14
1738,2018-04-10,8
1739,2018-04-11,22
1740,2018-04-15,4
1741,2018-04-16,6
1742,2018-04-17,13
1743,2018-04-18,12
1744,2018-04-21,16
1745,2018-04-22,15
1746,2018-04-23,10
1747,2018-04-24,34
1748,2018-04-25,25
1749,2018-04-28,23
1750,2018-04-29,22
1751,2018-04-30,18
1752,2018-05-01,11
1753,2018-05-05,15
1754,2018-05-06,11
1755,2018-05-07,14
1756,2018-05-08,26
1757,2018-05-09,6
1758,2018-05-12,7
1759,2018-05-13,14
1760,2018-05-14,7
1761,2018-05-15,11
1762,2018-05-22,7
1763,2018-05-23,2
1764,2018-05-26,6
1765,2018-05-27,5
1766,2018-05-28,5
1767,2018-05-29,3
1768,2018-05-30,3
1769,2018-06-02,4
1770,2018-06-09,3
1771,2018-06-10,9
1772,2018-06-11,2
1773,2018-06-12,2
1774,2018-06-13,4
1775,2018-06-17,1
1776,2018-06-19,4
1777,2018-06-20,1
1778,2018-06-23,7
1779,2018-06-24,3
1780,2018-06-25,2
1781,2018-06-30,4
1782,2018-07-01,1
1783,2018-07-02,1
1784,2018-07-03,5
1785,2018-07-07,2
1786,2018-07-08,1
1787,2018-07-10,2
1788,2018-07-16,13
1789,2018-07-17,9
1790,2018-07-18,12
1791,2018-07-21,2
1792,2018-07-22,7
1793,2018-07-23,4
1794,2018-07-24,1
1795,2018-07-25,6
1796,2018-07-30,4
1797,2018-07-31,5
1798,2018-08-06,1
1799,2018-08-07,7
1800,2018-08-13,3
1801,2018-08-14,2
1802,2018-08-15,7
1803,2018-08-18,2
1804,2018-08-20,2
1805,2018-08-21,1
1806,2018-08-26,1
1807,2018-08-27,3
1808,2018-09-03,19
1809,2018-09-09,13
1810,2018-09-10,10
1811,2018-09-11,27
1812,2018-09-12,3
1813,2018-09-15,34
1814,2018-09-16,4
1815,2018-09-17,4
1816,2018-09-18,3
1817,2018-09-22,3
1818,2018-09-23,5
1819,2018-09-25,8
1820,2018-09-26,10
1821,2018-09-29,14
1822,2018-09-30,17
1823,2018-10-01,22
1824,2018-10-02,20
1825,2018-10-03,16
1826,2018-10-06,48
1827,2018-10-07,20
1828,2018-10-08,11
1829,2018-10-09,2
1830,2018-10-10,12
1831,2018-10-11,15
1832,2018-10-13,10
1833,2018-10-14,18
1834,2018-10-15,31
1835,2018-10-20,17
1836,2018-10-21,12
1837,2018-10-22,1
1838,2018-10-23,35
1839,2018-10-24,3
1840,2018-10-27,9
1841,2018-10-28,9
1842,2018-10-29,16
1843,2018-10-31,4
1844,2018-11-03,8
1845,2018-11-04,11
1846,2018-11-05,26
1847,2018-11-06,8
1848,2018-11-10,25
1849,2018-11-11,12
1850,2018-11-12,3
1851,2018-11-13,13
1852,2018-11-14,22
1853,2018-11-17,25
1854,2018-11-18,30
1855,2018-11-19,7
1856,2018-11-20,6
1857,2018-11-21,16
1858,2018-11-24,11
1859,2018-11-26,1
1860,2018-11-27,10
1861,2018-11-28,25
1862,2018-12-01,3
1863,2018-12-02,14
1864,2018-12-03,3
1865,2018-12-04,18
1866,2018-12-05,3
1867,2018-12-08,7
1868,2018-12-09,6
1869,2018-12-10,9
1870,2018-12-11,5
1871,2018-12-12,19
1872,2018-12-15,19
1873,2018-12-16,6
1874,2018-12-17,2
1875,2018-12-18,2
1876,2018-12-19,9
1877,2018-12-22,10
1878,2018-12-23,2
1879,2018-12-24,3
1880,2018-12-25,1
1881,2018-12-26,7
1882,2018-12-29,28
1883,2018-12-30,2
1884,2018-12-31,12
1885,2019-01-01,10
1886,2019-01-02,7
1887,2019-01-05,7
1888,2019-01-06,10
1889,2019-01-07,13
1890,2019-01-08,7
1891,2019-01-12,3
1892,2019-01-13,2
1893,2019-01-14,8
1894,2019-01-15,7
1895,2019-01-16,12
1896,2019-01-19,6
1897,2019-01-20,16
1898,2019-01-21,7
1899,2019-01-22,54
1900,2019-01-23,31
1901,2019-01-26,20
1902,2019-01-27,11
1903,2019-01-28,17
1904,2019-01-29,12
1905,2019-01-30,18
1906,2019-02-02,26
1907,2019-02-03,10
1908,2019-02-04,12
1909,2019-02-05,28
1910,2019-02-06,18
1911,2019-02-12,10
1912,2019-02-13,28
1913,2019-02-16,22
1914,2019-02-17,16
1915,2019-02-18,12
1916,2019-02-19,15
1917,2019-02-20,15
1918,2019-02-23,11
1919,2019-02-24,27
1920,2019-02-25,14
1921,2019-02-26,14
1922,2019-02-27,11
1923,2019-03-02,3
1924,2019-03-03,19
1925,2019-03-04,15
1926,2019-03-05,11
1927,2019-03-06,13
1928,2019-03-09,12
1929,2019-03-10,13
1930,2019-03-11,5
1931,2019-03-12,15
1932,2019-03-13,8
1933,2019-03-16,8
1934,2019-03-17,16
1935,2019-03-18,3
1936,2019-03-19,4
1937,2019-03-25,5
1938,2019-03-26,3
1939,2019-03-27,1
1940,2019-03-30,2
1941,2019-04-06,16
1942,2019-04-07,9
1943,2019-04-08,2
1944,2019-04-09,12
1945,2019-04-10,6
1946,2019-04-13,8
1947,2019-04-14,19
